{"cookies":[{"name":"CookieConsentPolicy","value":"0:1","domain":"qeagle-dev-ed.my.salesforce.com","path":"/","expires":1700454754.975064,"httpOnly":false,"secure":false,"sameSite":"Lax"},{"name":"LSKey-c$CookieConsentPolicy","value":"0:1","domain":"qeagle-dev-ed.my.salesforce.com","path":"/","expires":1700454754.97521,"httpOnly":false,"secure":false,"sameSite":"Lax"},{"name":"BrowserId","value":"WwQerGiMEe2ue8khyLQOaw","domain":".salesforce.com","path":"/","expires":1700454754.975236,"httpOnly":false,"secure":false,"sameSite":"Lax"},{"name":"BrowserId_sec","value":"WwQerGiMEe2ue8khyLQOaw","domain":".salesforce.com","path":"/","expires":1700454754.975253,"httpOnly":false,"secure":true,"sameSite":"None"},{"name":"CookieConsentPolicy","value":"0:0","domain":"login.salesforce.com","path":"/","expires":1700454755.952124,"httpOnly":false,"secure":false,"sameSite":"Lax"},{"name":"LSKey-c$CookieConsentPolicy","value":"0:0","domain":"login.salesforce.com","path":"/","expires":1700454755.952164,"httpOnly":false,"secure":false,"sameSite":"Lax"},{"name":"session","value":"1668918756118","domain":"login.salesforce.com","path":"/","expires":-1,"httpOnly":false,"secure":true,"sameSite":"None"},{"name":"v0","value":"SFDC%20Network%7C%5BSalesforce.com%20App%5D","domain":".c.salesforce.com","path":"/","expires":-1,"httpOnly":false,"secure":true,"sameSite":"Lax"},{"name":"c22","value":"SFDC%20Network","domain":".c.salesforce.com","path":"/","expires":-1,"httpOnly":false,"secure":true,"sameSite":"Lax"},{"name":"cvtdt","value":"SFDC%20Network","domain":".c.salesforce.com","path":"/","expires":1703478757.27836,"httpOnly":false,"secure":true,"sameSite":"Lax"},{"name":"c40","value":"SFDC%20Network","domain":".c.salesforce.com","path":"/","expires":-1,"httpOnly":false,"secure":true,"sameSite":"Lax"},{"name":"v20","value":"Direct%20Landing","domain":".c.salesforce.com","path":"/","expires":-1,"httpOnly":false,"secure":true,"sameSite":"Lax"},{"name":"convertingPageUrl","value":"Direct%20Landing","domain":".c.salesforce.com","path":"/","expires":-1,"httpOnly":false,"secure":true,"sameSite":"Lax"},{"name":"cleared-onetrust-cookies","value":"","domain":".salesforce.com","path":"/","expires":1715275804,"httpOnly":false,"secure":false,"sameSite":"Lax"},{"name":"inst","value":"APP_5g","domain":".salesforce.com","path":"/","expires":-1,"httpOnly":false,"secure":true,"sameSite":"None"},{"name":"disco","value":"5g:00D5g000007oRrU:0055g00000B238K:1","domain":".salesforce.com","path":"/","expires":-1,"httpOnly":false,"secure":true,"sameSite":"None"},{"name":"sid_Client","value":"g00000B238Kg000007oRrU","domain":"qeagle-dev-ed.my.salesforce.com","path":"/","expires":-1,"httpOnly":false,"secure":true,"sameSite":"None"},{"name":"oid","value":"00D5g000007oRrU","domain":"qeagle-dev-ed.my.salesforce.com","path":"/","expires":1722717625.213481,"httpOnly":false,"secure":true,"sameSite":"None"},{"name":"BrowserId","value":"ZsFWImiMEe2veGE2VHVjXw","domain":".force.com","path":"/","expires":1700454774.683432,"httpOnly":false,"secure":false,"sameSite":"Lax"},{"name":"BrowserId_sec","value":"ZsFWImiMEe2veGE2VHVjXw","domain":".force.com","path":"/","expires":1700454774.683447,"httpOnly":false,"secure":true,"sameSite":"None"},{"name":"sid_Client","value":"g00000B238Kg000007oRrU","domain":"qeagle-dev-ed.file.force.com","path":"/","expires":-1,"httpOnly":false,"secure":true,"sameSite":"None"},{"name":"inst","value":"APP_5g","domain":".force.com","path":"/","expires":-1,"httpOnly":false,"secure":true,"sameSite":"None"},{"name":"CookieConsentPolicy","value":"0:1","domain":"qeagle-dev-ed.file.force.com","path":"/","expires":1700454774.884809,"httpOnly":false,"secure":false,"sameSite":"Lax"},{"name":"LSKey-c$CookieConsentPolicy","value":"0:1","domain":"qeagle-dev-ed.file.force.com","path":"/","expires":1700454774.884912,"httpOnly":false,"secure":false,"sameSite":"Lax"},{"name":"79eb100099b9a8bf","value":"3:false:.salesforce.com","domain":".salesforce.com","path":"/","expires":-1,"httpOnly":false,"secure":true,"sameSite":"None"},{"name":"_cq_duid","value":"1.1683708953.MqKt6zSIc87wi7Oj","domain":".salesforce.com","path":"/","expires":1699065623,"httpOnly":false,"secure":true,"sameSite":"None"},{"name":"_cq_suid","value":"1.1683708953.H15VQxN08YVoGKM7","domain":".salesforce.com","path":"/","expires":-1,"httpOnly":false,"secure":true,"sameSite":"None"},{"name":"pt","value":"v2:029cddf11f2d5d0446585e40eb71227d7573c038ef0cbefc204894ca312d1c7f|07e03721938b9572422193a64675440eb362272b3df165e8b1a1e29c98ae1bd5","domain":".ispot.tv","path":"/","expires":1718268953.770388,"httpOnly":false,"secure":true,"sameSite":"None"},{"name":"cg_uuid","value":"c7c00ac1b39b390e63098fbf8036328c","domain":"bite.australiarevival.com","path":"/","expires":1712739354.248055,"httpOnly":true,"secure":true,"sameSite":"None"},{"name":"sfdcConsent","value":"1,3,2,4","domain":".salesforce.com","path":"/","expires":1722804021,"httpOnly":false,"secure":false,"sameSite":"Lax"},{"name":"_gid","value":"GA1.2.329262090.1691100732","domain":".salesforce.com","path":"/","expires":1691268022,"httpOnly":false,"secure":false,"sameSite":"Lax"},{"name":"rememberUn","value":"false","domain":".salesforce.com","path":"/","expires":1696365624.831038,"httpOnly":false,"secure":true,"sameSite":"None"},{"name":"com.salesforce.LocaleInfo","value":"us","domain":".salesforce.com","path":"/","expires":1696365624.831173,"httpOnly":false,"secure":true,"sameSite":"None"},{"name":"oinfo","value":"c3RhdHVzPUZSRUUmdHlwZT0zJm9pZD0wMEQ1ZzAwMDAwN29SclU=","domain":".salesforce.com","path":"/","expires":1696365624.831214,"httpOnly":false,"secure":true,"sameSite":"None"},{"name":"autocomplete","value":"1","domain":".salesforce.com","path":"/","expires":1696365625.21339,"httpOnly":false,"secure":true,"sameSite":"None"},{"name":"webact","value":"%7B%22l_vdays%22%3A86%2C%22l_visit%22%3A1691100729890%2C%22session%22%3A1691181620428%2C%22l_search%22%3A%22%22%2C%22l_dtype%22%3A%22SFDC%20Network%22%2C%22l_page%22%3A%22SFDC%3Aus%3Alogin%3Adeveloper%22%2C%22l_page_url%22%3A%22https%3A%2F%2Fc.salesforce.com%2Flogin-messages%2Fpromos.html%22%2C%22counter%22%3A7%2C%22pv%22%3A1%2C%22f_visit%22%3A1668918756413%2C%22seg%22%3A%22non-customer%3Aus%22%2C%22d%22%3A%2270130000000sUW0%22%2C%22developer%22%3A1669007930278%7D","domain":".salesforce.com","path":"/","expires":1722717620,"httpOnly":false,"secure":true,"sameSite":"Lax"},{"name":"OptanonConsent","value":"isGpcEnabled=0&datestamp=Sat+Aug+05+2023+02%3A10%3A23+GMT%2B0530+(India+Standard+Time)&version=202306.1.0&browserGpcFlag=0&isIABGlobal=false&hosts=&consentId=05b7d719-29da-4bb9-bbd6-b3417a3fdaf8&interactionCount=1&landingPath=https%3A%2F%2Fc.salesforce.com%2Flogin-messages%2Fpromos.html&groups=1%3A1%2C3%3A1%2C2%3A1%2C4%3A1","domain":".salesforce.com","path":"/","expires":1722717623,"httpOnly":false,"secure":false,"sameSite":"Lax"},{"name":"_dc_gtm_UA-140200881-1","value":"1","domain":".salesforce.com","path":"/","expires":1691181683,"httpOnly":false,"secure":false,"sameSite":"Lax"},{"name":"_ga_S6WMKB0ZK3","value":"GS1.1.1691181623.7.0.1691181623.0.0.0","domain":".salesforce.com","path":"/","expires":1725741623.789705,"httpOnly":false,"secure":false,"sameSite":"Lax"},{"name":"_ga","value":"GA1.1.1779302067.1668918759","domain":".salesforce.com","path":"/","expires":1725741623.790887,"httpOnly":false,"secure":false,"sameSite":"Lax"},{"name":"sfdc_lv2","value":"KxG83HubNX5cQ2BUlbscnBVesMaxicWb6boF3v4whefr/b7BNrMOeCb+c9NvGNhhY=","domain":".salesforce.com","path":"/","expires":1722717625.21336,"httpOnly":false,"secure":true,"sameSite":"None"},{"name":"sid","value":"00D5g000007oRrU!AQkAQJMYtPm_Qo6npC5XROprUmwYx6k65lxAzZKx12Cn4RsGR3y0sVbp7uPlmSTAf2.WoNlU1B8sp_ur8FAqLrdAQseKWyqL","domain":"qeagle-dev-ed.my.salesforce.com","path":"/","expires":-1,"httpOnly":false,"secure":true,"sameSite":"None"},{"name":"clientSrc","value":"110.224.90.73","domain":"qeagle-dev-ed.my.salesforce.com","path":"/","expires":-1,"httpOnly":false,"secure":true,"sameSite":"None"},{"name":"sid","value":"00D5g000007oRrU!AQkAQLpjcN0k85AeMQf_LZyMwe.5yAutkecwj5A5SEJpTqastVkcSe9gQETpLLS3U_YkYzlKBAJZtWC_8HoKLlhFGGMxOyU.","domain":"qeagle-dev-ed.file.force.com","path":"/","expires":-1,"httpOnly":false,"secure":true,"sameSite":"None"},{"name":"clientSrc","value":"110.224.90.73","domain":"qeagle-dev-ed.file.force.com","path":"/","expires":-1,"httpOnly":false,"secure":true,"sameSite":"None"}],"origins":[{"origin":"https://c.salesforce.com","localStorage":[{"name":"webactls","value":"{\"chat\":0,\"kxsfdc\":{\"segs\":\"\"},\"l_cloud\":\"No Cloud\",\"lastvaliddriver\":\"SFDC Network|[Salesforce.com App]\"}"}]}]}